Flight_ID,DAY_OF_MONTH,DAY_OF_WEEK,OP_UNIQUE_CARRIER,OP_CARRIER_AIRLINE_ID,OP_CARRIER,TAIL_NUM,OP_CARRIER_FL_NUM,ORIGIN_AIRPORT_ID,ORIGIN_AIRPORT_SEQ_ID,ORIGIN,DEST_AIRPORT_ID,DEST_AIRPORT_SEQ_ID,DEST,DEP_TIME,DEP_DEL15,DEP_TIME_BLK,ARR_TIME,ARR_DEL15,CANCELLED,DIVERTED,DISTANCE
0,1,3,EV,20366,EV,N48901,4397,13930,1393007,ORD,11977,1197705,GRB,1003,0,1000-1059,1117,0,0,0,174
1,1,3,EV,20366,EV,N16976,4401,15370,1537002,TUL,13930,1393007,ORD,1027,0,1000-1059,1216,0,0,0,585
2,1,3,EV,20366,EV,N12167,4404,11618,1161802,EWR,15412,1541205,TYS,1848,0,1800-1859,2120,0,0,0,631
3,1,3,EV,20366,EV,N14902,4405,10781,1078105,BTR,12266,1226603,IAH,1846,0,1800-1859,2004,0,0,0,253
4,1,3,EV,20366,EV,N606UX,4407,14524,1452401,RIC,12266,1226603,IAH,1038,0,1000-1059,1330,0,0,0,1157
5,1,3,EV,20366,EV,N605UX,4408,13871,1387102,OMA,12266,1226603,IAH,555,0,0600-0659,838,0,0,0,781
6,1,3,EV,20366,EV,N14991,4410,12266,1226603,IAH,14814,1481402,SHV,1610,0,1600-1659,1718,0,0,0,192
7,1,3,EV,20366,EV,N15986,4411,12266,1226603,IAH,12206,1220605,HRL,1415,0,1400-1459,1531,0,0,0,295
8,1,3,EV,20366,EV,N603UX,4412,13930,1393007,ORD,10140,1014005,ABQ,1938,0,1900-1959,2204,0,0,0,1118
9,1,3,EV,20366,EV,N13975,4414,11618,1161802,EWR,13485,1348502,MSN,1011,0,1000-1059,1139,0,0,0,799
10,1,3,EV,20366,EV,N616UX,4415,11278,1127805,DCA,13930,1393007,ORD,1306,1,1100-1159,1404,1,0,0,612
11,1,3,EV,20366,EV,N601UX,4417,11278,1127805,DCA,13930,1393007,ORD,1843,0,1800-1859,1945,0,0,0,612
12,1,3,EV,20366,EV,N13979,4418,12266,1226603,IAH,12451,1245102,JAX,735,0,0700-0759,1039,0,0,0,817
13,1,3,EV,20366,EV,N14562,4419,11140,1114008,CRP,12266,1226603,IAH,1847,0,1800-1859,1941,0,0,0,201
14,1,3,EV,20366,EV,N13979,4421,11618,1161802,EWR,10785,1078502,BTV,1441,0,1400-1459,1557,0,0,0,266
15,1,3,EV,20366,EV,N13995,4422,12266,1226603,IAH,13158,1315805,MAF,1440,0,1400-1459,1616,0,0,0,429
16,1,3,EV,20366,EV,N11192,4423,12266,1226603,IAH,11049,1104903,CLL,2148,0,2100-2159,2224,0,0,0,74
17,1,3,EV,20366,EV,N14993,4427,12266,1226603,IAH,10747,1074706,BRO,2133,0,2100-2159,2250,0,0,0,308
18,1,3,EV,20366,EV,N614UX,4427,12953,1295304,LGA,12266,1226603,IAH,1554,0,1500-1559,1928,1,0,0,1416
19,1,3,EV,20366,EV,N14568,4432,12266,1226603,IAH,10781,1078105,BTR,940,0,0900-0959,1047,0,0,0,253
20,1,3,EV,20366,EV,N16987,4436,12266,1226603,IAH,11140,1114008,CRP,1837,0,1800-1859,1947,0,0,0,201
21,1,3,EV,20366,EV,N13995,4437,13158,1315805,MAF,12266,1226603,IAH,1700,0,1700-1759,1835,0,0,0,429
22,1,3,EV,20366,EV,N12563,4438,12266,1226603,IAH,10781,1078105,BTR,2032,1,1900-1959,2130,1,0,0,253
23,1,3,EV,20366,EV,N13538,4441,13851,1385103,OKC,12266,1226603,IAH,1705,0,1700-1759,1838,0,0,0,395
24,1,3,EV,20366,EV,N16987,4445,12951,1295106,LFT,12266,1226603,IAH,1150,0,1200-1259,1301,0,0,0,201
25,1,3,EV,20366,EV,N29906,4446,12266,1226603,IAH,13377,1337702,MLU,2120,0,2100-2159,2225,0,0,0,262
26,1,3,EV,20366,EV,N602UX,4446,12451,1245102,JAX,12266,1226603,IAH,1915,1,1900-1959,2052,0,0,0,817
27,1,3,EV,20366,EV,N13989,4447,12266,1226603,IAH,15624,1562404,VPS,1820,0,1800-1859,2000,0,0,0,528
28,1,3,EV,20366,EV,N14158,4449,11109,1110902,COS,12266,1226603,IAH,1211,0,1200-1259,1536,0,0,0,809
29,1,3,EV,20366,EV,N14904,4453,14696,1469608,SBN,13930,1393007,ORD,1251,1,1100-1159,1231,1,0,0,84
30,1,3,EV,20366,EV,N606UX,4454,12266,1226603,IAH,14524,1452401,RIC,1815,0,1800-1859,2149,0,0,0,1157
31,1,3,EV,20366,EV,N17560,4455,14685,1468502,SAV,11618,1161802,EWR,1851,0,1800-1859,2107,0,0,0,708
32,1,3,EV,20366,EV,N616UX,4456,13930,1393007,ORD,11278,1127805,DCA,850,1,0800-0859,1234,1,0,0,612
33,1,3,EV,20366,EV,N11535,4458,15412,1541205,TYS,11618,1161802,EWR,659,0,0700-0759,852,0,0,0,631
1,1,3,EV,20366,EV,N15980,4462,11540,1154005,ELP,12266,1226603,IAH,1352,0,1400-1459,1703,0,0,0,667
1,1,3,EV,20366,EV,N11165,4464,12266,1226603,IAH,10693,1069302,BNA,1415,0,1400-1459,1555,0,0,0,657
1,1,3,EV,20366,EV,N15980,4465,12266,1226603,IAH,11540,1154005,ELP,1205,0,1200-1259,1323,0,0,0,667
1,1,3,EV,20366,EV,N21537,4468,12953,1295304,LGA,11042,1104205,CLE,1059,0,1100-1159,1231,0,0,0,419
1,1,3,EV,20366,EV,N13979,4472,12451,1245102,JAX,11618,1161802,EWR,1124,0,1100-1159,1342,0,0,0,820
1,1,3,EV,20366,EV,N48901,4473,11193,1119302,CVG,13930,1393007,ORD,847,0,0800-0859,935,1,0,0,264
1,1,3,EV,20366,EV,N601UX,4474,13930,1393007,ORD,11278,1127805,DCA,1009,0,1000-1059,1313,0,0,0,612
1,1,3,EV,20366,EV,N601UX,4477,13931,1393102,ORF,13930,1393007,ORD,729,0,0700-0759,918,1,0,0,717
1,1,3,EV,20366,EV,N22909,4481,13930,1393007,ORD,14783,1478302,SGF,1556,0,1600-1659,1731,0,0,0,438
1,1,3,EV,20366,EV,N602UX,4487,13930,1393007,ORD,11278,1127805,DCA,1042,1,0900-0959,1340,1,0,0,612
1,1,3,EV,20366,EV,N14573,4488,12266,1226603,IAH,12896,1289607,LBB,1912,1,1800-1859,2050,1,0,0,458
1,1,3,EV,20366,EV,N605UX,3966,13198,1319801,MCI,12266,1226603,IAH,1816,0,1800-1859,2026,0,0,0,643
1,1,3,EV,20366,EV,N14568,3967,10781,1078105,BTR,12266,1226603,IAH,1157,0,1200-1259,1319,0,0,0,253
1,1,3,EV,20366,EV,N17159,3969,11618,1161802,EWR,11193,1119302,CVG,1156,0,1200-1259,1354,0,0,0,569
1,1,3,EV,20366,EV,N15555,3971,11618,1161802,EWR,11996,1199603,GSP,2142,0,2100-2159,2342,0,0,0,594
1,1,3,EV,20366,EV,N15983,3972,10747,1074706,BRO,12266,1226603,IAH,726,0,0700-0759,840,0,0,0,308
1,1,3,EV,20366,EV,N14905,3974,11140,1114008,CRP,12266,1226603,IAH,1414,0,1400-1459,1505,0,0,0,201
1,1,3,EV,20366,EV,N16561,3976,13930,1393007,ORD,14576,1457606,ROC,1753,0,1800-1859,2035,0,0,0,528
1,1,3,EV,20366,EV,N15980,3978,12951,1295106,LFT,12266,1226603,IAH,926,0,0900-0959,1027,0,0,0,201
1,1,3,EV,20366,EV,N22909,3979,14492,1449202,RDU,11618,1161802,EWR,908,0,0900-0959,1048,0,0,0,416
1,1,3,EV,20366,EV,N13992,3980,12266,1226603,IAH,10185,1018502,AEX,1935,0,1900-1959,2030,0,0,0,190
1,1,3,EV,20366,EV,N12563,3981,12945,1294503,LEX,12266,1226603,IAH,1627,0,1600-1659,1834,0,0,0,828
1,1,3,EV,20366,EV,N10575,3982,11618,1161802,EWR,11278,1127805,DCA,1555,1,1500-1559,1724,1,0,0,199
1,1,3,EV,20366,EV,N13992,3983,11982,1198202,GRK,12266,1226603,IAH,1200,0,1200-1259,1251,0,0,0,166
1,1,3,EV,20366,EV,N48901,3984,13930,1393007,ORD,11193,1119302,CVG,1828,0,1800-1859,2035,0,0,0,264
1,1,3,EV,20366,EV,N610UX,3985,11278,1127805,DCA,13930,1393007,ORD,940,0,0900-0959,1051,0,0,0,612
1,1,3,EV,20366,EV,N29906,3987,13377,1337702,MLU,12266,1226603,IAH,515,0,0001-0559,652,0,0,0,262
1,1,3,EV,20366,EV,N14180,3988,10431,1043105,AVL,11618,1161802,EWR,1041,0,1000-1059,1229,0,0,0,583
1,1,3,EV,20366,EV,N18556,3989,14685,1468502,SAV,13930,1393007,ORD,1023,0,1000-1059,1155,0,0,0,773
1,1,3,EV,20366,EV,N12564,3990,14122,1412202,PIT,11618,1161802,EWR,1223,0,1200-1259,1415,0,0,0,319
1,1,3,EV,20366,EV,N16546,3991,11193,1119302,CVG,11618,1161802,EWR,1249,0,1200-1259,1449,0,0,0,569
1,1,3,EV,20366,EV,N15572,3995,12266,1226603,IAH,15624,1562404,VPS,1219,0,1200-1259,1403,0,0,0,528
1,1,3,EV,20366,EV,N11547,3996,11618,1161802,EWR,10874,1087402,CAK,2053,0,2000-2059,2223,0,0,0,382
1,1,3,EV,20366,EV,N11164,3997,11057,1105703,CLT,11618,1161802,EWR,1950,1,1100-1159,2132,1,0,0,529
1,1,3,EV,20366,EV,N13538,3998,11973,1197302,GPT,12266,1226603,IAH,1150,0,1100-1159,1340,0,0,0,376
1,1,3,EV,20366,EV,N11547,3999,13930,1393007,ORD,14576,1457606,ROC,858,0,0900-0959,1203,0,0,0,528
1,1,3,EV,20366,EV,N29917,4000,11618,1161802,EWR,10693,1069302,BNA,1557,0,1600-1659,1731,0,0,0,748
1,1,3,EV,20366,EV,N21537,4001,11042,1104205,CLE,12953,1295304,LGA,844,0,0800-0859,1014,0,0,0,419
1,1,3,EV,20366,EV,N14907,4002,11057,1105703,CLT,11618,1161802,EWR,1245,0,1200-1259,1433,0,0,0,529
1,1,3,EV,20366,EV,N14991,4003,12448,1244807,JAN,12266,1226603,IAH,1358,0,1400-1459,1537,0,0,0,351
1,1,3,EV,20366,EV,N13978,4005,11618,1161802,EWR,11433,1143302,DTW,1131,0,1100-1159,1325,0,0,0,488
1,1,3,EV,20366,EV,N603UX,4007,11624,1162403,EYW,13930,1393007,ORD,1617,0,1600-1659,1845,0,0,0,1251
1,1,3,EV,20366,EV,N11165,4008,10693,1069302,BNA,11618,1161802,EWR,1715,0,1700-1759,2109,1,0,0,748
1,1,3,EV,20366,EV,N11165,4009,12266,1226603,IAH,11140,1114008,CRP,1008,0,1000-1059,1115,0,0,0,201
1,1,3,EV,20366,EV,N15983,4012,12266,1226603,IAH,12992,1299206,LIT,1447,0,1400-1459,1601,0,0,0,374
1,1,3,EV,20366,EV,N16981,4013,12896,1289607,LBB,12266,1226603,IAH,1301,0,1300-1359,1431,0,0,0,458
1,1,3,EV,20366,EV,N16571,4016,13930,1393007,ORD,10874,1087402,CAK,1125,0,1100-1159,1346,0,0,0,343
1,1,3,EV,20366,EV,N11536,4018,13930,1393007,ORD,12339,1233904,IND,1421,0,1400-1459,1626,0,0,0,177
1,1,3,EV,20366,EV,N17185,4019,13930,1393007,ORD,11577,1157706,ERI,1010,1,2100-2159,1258,1,0,0,398
1,1,3,EV,20366,EV,N16561,4021,12266,1226603,IAH,13244,1324402,MEM,1157,0,1200-1259,1329,0,0,0,468
1,1,3,EV,20366,EV,N13988,4022,13930,1393007,ORD,15016,1501606,STL,1120,0,1100-1159,1241,0,0,0,258
1,1,3,EV,20366,EV,N14558,4023,12266,1226603,IAH,10279,1027903,AMA,1826,0,1800-1859,2014,0,0,0,517
1,1,3,EV,20366,EV,N11547,4024,11057,1105703,CLT,11618,1161802,EWR,1740,0,1700-1759,1953,0,0,0,529
1,1,3,EV,20366,EV,N605UX,4026,12266,1226603,IAH,14122,1412202,PIT,931,0,0900-0959,1317,0,0,0,1117
1,1,3,EV,20366,EV,N12564,4027,11618,1161802,EWR,14307,1430705,PVD,1458,0,1500-1559,1558,0,0,0,160
1,1,3,EV,20366,EV,N48901,4030,11577,1157706,ERI,13930,1393007,ORD,1652,0,1700-1759,1727,0,0,0,398
1,1,3,EV,20366,EV,N14558,4031,11140,1114008,CRP,12266,1226603,IAH,934,0,0900-0959,1034,0,0,0,201
1,1,3,EV,20366,EV,N22909,4032,14783,1478302,SGF,13930,1393007,ORD,1822,0,1800-1859,2005,0,0,0,438
1,1,3,EV,20366,EV,N611UX,4033,11057,1105703,CLT,13930,1393007,ORD,759,0,0800-0859,949,1,0,0,599
1,1,3,EV,20366,EV,N603UX,4034,13930,1393007,ORD,11624,1162403,EYW,1119,0,1100-1159,1524,0,0,0,1251
1,1,3,EV,20366,EV,N602UX,4035,11278,1127805,DCA,13930,1393007,ORD,1405,1,1200-1259,1505,1,0,0,612
1,1,3,EV,20366,EV,N14916,4036,11995,1199502,GSO,11618,1161802,EWR,1222,0,1200-1259,1421,0,0,0,445
1,1,3,EV,20366,EV,N14977,4038,14576,1457606,ROC,13930,1393007,ORD,925,0,0900-0959,1021,0,0,0,528
1,1,3,EV,20366,EV,N16559,4039,12266,1226603,IAH,12278,1227805,ICT,1224,0,1200-1259,1403,0,0,0,542
1,1,3,EV,20366,EV,N14180,4040,11618,1161802,EWR,10431,1043105,AVL,752,0,0700-0759,954,0,0,0,583
1,1,3,EV,20366,EV,N16541,4041,12339,1233904,IND,12266,1226603,IAH,1653,0,1700-1759,1855,0,0,0,844
1,1,3,EV,20366,EV,N48901,4042,13930,1393007,ORD,11577,1157706,ERI,1402,0,1400-1459,1623,0,0,0,398
1,1,3,EV,20366,EV,N615UX,4043,11278,1127805,DCA,13930,1393007,ORD,1739,0,1700-1759,1900,0,0,0,612
1,1,3,EV,20366,EV,N16170,4044,13930,1393007,ORD,15370,1537002,TUL,1446,1,1200-1259,1637,1,0,0,585
1,1,3,EV,20366,EV,N19554,4045,12915,1291503,LCH,12266,1226603,IAH,1210,0,1200-1259,1302,0,0,0,127
1,1,3,EV,20366,EV,N14573,4046,11618,1161802,EWR,10693,1069302,BNA,1401,0,1300-1359,1532,0,0,0,748
1,1,3,EV,20366,EV,N16546,4048,13930,1393007,ORD,11193,1119302,CVG,922,0,0900-0959,1136,0,0,0,264
1,1,3,EV,20366,EV,N21537,4049,11042,1104205,CLE,11278,1127805,DCA,1322,0,1300-1359,1435,0,0,0,310
1,1,3,EV,20366,EV,N16987,4050,12266,1226603,IAH,11049,1104903,CLL,1429,0,1400-1459,1517,0,0,0,74
1,1,3,EV,20366,EV,N14977,4051,13930,1393007,ORD,10785,1078502,BTV,1354,0,1400-1459,1658,0,0,0,763
1,1,3,EV,20366,EV,N611UX,4052,13930,1393007,ORD,12094,1209402,HDN,1028,1,1000-1059,1257,1,0,0,1009
1,1,3,EV,20366,EV,N14977,4053,10785,1078502,BTV,11618,1161802,EWR,1751,0,1800-1859,1904,0,0,0,266
1,1,3,EV,20366,EV,N15574,4054,12266,1226603,IAH,12896,1289607,LBB,1438,0,1400-1459,1614,0,0,0,458
1,1,3,EV,20366,EV,N11547,4055,11618,1161802,EWR,11057,1105703,CLT,1455,0,1500-1559,1655,0,0,0,529
1,1,3,EV,20366,EV,N14916,4056,11618,1161802,EWR,14524,1452401,RIC,1510,0,1500-1559,1630,0,0,0,277
1,1,3,EV,20366,EV,N13908,4057,10792,1079206,BUF,11618,1161802,EWR,1119,0,1100-1159,1240,0,0,0,282
1,1,3,EV,20366,EV,N13978,4058,11433,1143302,DTW,11618,1161802,EWR,1432,0,1400-1459,1611,0,0,0,488
1,1,3,EV,20366,EV,N13903,4059,11996,1199603,GSP,13930,1393007,ORD,930,0,0900-0959,1034,0,0,0,577
1,1,3,EV,20366,EV,N16559,4062,11973,1197302,GPT,12266,1226603,IAH,852,0,0900-0959,1018,0,0,0,376
1,1,3,EV,20366,EV,N616UX,4063,13930,1393007,ORD,11540,1154005,ELP,1947,0,1900-1959,2225,0,0,0,1236
1,1,3,EV,20366,EV,N12563,4064,12266,1226603,IAH,12945,1294503,LEX,1201,0,1200-1259,1458,0,0,0,828
1,1,3,EV,20366,EV,N613UX,4065,12266,1226603,IAH,11042,1104205,CLE,1428,0,1400-1459,1753,0,0,0,1091
1,1,3,EV,20366,EV,N602UX,4066,11775,1177502,FSD,13930,1393007,ORD,610,0,0600-0659,821,0,0,0,463
1,1,3,EV,20366,EV,N608UX,4068,11433,1143302,DTW,13930,1393007,ORD,1414,0,1400-1459,1435,0,0,0,235
1,1,3,EV,20366,EV,N18556,4070,13930,1393007,ORD,13244,1324402,MEM,1242,0,1200-1259,1430,0,0,0,491
1,1,3,EV,20366,EV,N604UX,4071,13930,1393007,ORD,11042,1104205,CLE,1539,0,1500-1559,1759,0,0,0,315
1,1,3,EV,20366,EV,N604UX,4074,13930,1393007,ORD,15412,1541205,TYS,2118,0,2100-2159,2345,0,0,0,475
1,1,3,EV,20366,EV,N16981,4075,12266,1226603,IAH,13256,1325602,MFE,1630,0,1600-1659,1751,0,0,0,316
1,1,3,EV,20366,EV,N15912,4076,12266,1226603,IAH,12206,1220605,HRL,1633,0,1600-1659,1752,0,0,0,295
1,1,3,EV,20366,EV,N15983,4077,13422,1342202,MOB,12266,1226603,IAH,1132,0,1100-1159,1343,1,0,0,427
1,1,3,EV,20366,EV,N609UX,4078,12266,1226603,IAH,11193,1119302,CVG,1624,0,1600-1659,1940,0,0,0,871
1,1,3,EV,20366,EV,N17560,4080,11618,1161802,EWR,14524,1452401,RIC,1028,0,1000-1059,1216,1,0,0,277
1,1,3,EV,20366,EV,N14907,4082,11618,1161802,EWR,11057,1105703,CLT,943,0,0900-0959,1159,0,0,0,529
1,1,3,EV,20366,EV,N15986,4086,12206,1220605,HRL,12266,1226603,IAH,1600,0,1600-1659,1705,0,0,0,295
1,1,3,EV,20366,EV,N14905,4087,12266,1226603,IAH,11140,1114008,CRP,1213,0,1200-1259,1327,0,0,0,201
1,1,3,EV,20366,EV,N603UX,4088,11540,1154005,ELP,13930,1393007,ORD,621,0,0600-0659,1044,0,0,0,1236
1,1,3,EV,20366,EV,N18556,4090,13244,1324402,MEM,12266,1226603,IAH,1508,0,1500-1559,1703,0,0,0,468
1,1,3,EV,20366,EV,N11535,4091,11618,1161802,EWR,11057,1105703,CLT,1650,0,1700-1759,1909,0,0,0,529
1,1,3,EV,20366,EV,N16981,4092,12266,1226603,IAH,11973,1197302,GPT,2130,0,2100-2159,2240,0,0,0,376
1,1,3,EV,20366,EV,N16541,4093,11618,1161802,EWR,12339,1233904,IND,1403,0,1400-1459,1621,0,0,0,645
1,1,3,EV,20366,EV,N22909,4097,13930,1393007,ORD,14524,1452401,RIC,2102,0,2100-2159,2,0,0,0,642
1,1,3,EV,20366,EV,N19554,4098,12266,1226603,IAH,13256,1325602,MFE,1440,0,1400-1459,1601,0,0,0,316
1,1,3,EV,20366,EV,N14180,4099,11618,1161802,EWR,11066,1106606,CMH,1404,0,1400-1459,1552,0,0,0,463
1,1,3,EV,20366,EV,N15912,4101,12266,1226603,IAH,10747,1074706,BRO,956,0,1000-1059,1126,0,0,0,308
1,1,3,EV,20366,EV,N17560,4103,13930,1393007,ORD,14685,1468502,SAV,1515,1,1400-1459,1828,1,0,0,773
1,1,3,EV,20366,EV,N10575,4104,11433,1143302,DTW,11618,1161802,EWR,1157,0,1200-1259,1323,0,0,0,488
1,1,3,EV,20366,EV,N13908,4107,11618,1161802,EWR,10792,1079206,BUF,823,0,0800-0859,954,0,0,0,282
1,1,3,EV,20366,EV,N13978,4108,11618,1161802,EWR,11066,1106606,CMH,1712,0,1700-1759,1911,0,0,0,463
1,1,3,EV,20366,EV,N13995,4109,12266,1226603,IAH,11973,1197302,GPT,1945,0,1900-1959,2102,0,0,0,376
1,1,3,EV,20366,EV,N11536,4110,12339,1233904,IND,13930,1393007,ORD,1649,0,1600-1659,1651,0,0,0,177
1,1,3,EV,20366,EV,N14902,4111,12266,1226603,IAH,13256,1325602,MFE,1154,0,1200-1259,1313,0,0,0,316
1,1,3,EV,20366,EV,N14562,4112,12266,1226603,IAH,11140,1114008,CRP,1616,0,1600-1659,1734,0,0,0,201
1,1,3,EV,20366,EV,N15574,4112,15370,1537002,TUL,12266,1226603,IAH,1139,0,1100-1159,1324,0,0,0,429
1,1,3,EV,20366,EV,N14902,4114,15016,1501606,STL,12266,1226603,IAH,840,0,0800-0859,1105,0,0,0,667
1,1,3,EV,20366,EV,N14180,4115,11066,1106606,CMH,13930,1393007,ORD,1625,0,1600-1659,1646,0,0,0,296
1,1,3,EV,20366,EV,N11547,4116,14576,1457606,ROC,11618,1161802,EWR,1227,0,1200-1259,1342,0,0,0,246
1,1,3,EV,20366,EV,N16571,4118,10874,1087402,CAK,11618,1161802,EWR,1428,0,1400-1459,1602,0,0,0,382
1,1,3,EV,20366,EV,N12135,4119,11618,1161802,EWR,14524,1452401,RIC,1954,0,1900-1959,2112,0,0,0,277
1,1,3,EV,20366,EV,N612UX,4121,12266,1226603,IAH,11193,1119302,CVG,723,0,0700-0759,1029,0,0,0,871
1,1,3,EV,20366,EV,N14904,4122,12339,1233904,IND,12266,1226603,IAH,1523,0,1500-1559,1727,0,0,0,844
1,1,3,EV,20366,EV,N14568,4123,15412,1541205,TYS,12266,1226603,IAH,728,0,0700-0759,923,1,0,0,771
1,1,3,EV,20366,EV,N14188,4124,12266,1226603,IAH,13502,1350202,MTJ,1216,0,1200-1259,1411,0,0,0,927
1,1,3,EV,20366,EV,N14542,4126,13930,1393007,ORD,11996,1199603,GSP,821,0,0800-0859,1108,0,0,0,577
1,1,3,EV,20366,EV,N13992,4127,12266,1226603,IAH,11982,1198202,GRK,955,0,1000-1059,1052,0,0,0,166
1,1,3,EV,20366,EV,N610UX,4131,10994,1099402,CHS,13930,1393007,ORD,1642,0,1600-1659,1803,0,0,0,760
1,1,3,EV,20366,EV,N14991,4133,14814,1481402,SHV,12266,1226603,IAH,1749,0,1700-1759,1910,0,0,0,192
1,1,3,EV,20366,EV,N15980,4134,12266,1226603,IAH,15370,1537002,TUL,1827,0,1800-1859,1959,0,0,0,429
1,1,3,EV,20366,EV,N19554,4135,13256,1325602,MFE,12266,1226603,IAH,1711,0,1700-1759,1828,0,0,0,316
1,1,3,EV,20366,EV,N14902,4136,13256,1325602,MFE,12266,1226603,IAH,1407,0,1400-1459,1517,0,0,0,316
1,1,3,EV,20366,EV,N607UX,4138,11042,1104205,CLE,12266,1226603,IAH,1110,0,1100-1159,1344,0,0,0,1091
1,1,3,EV,20366,EV,N14991,4139,12266,1226603,IAH,12448,1244807,JAN,1202,0,1200-1259,1330,0,0,0,351
1,1,3,EV,20366,EV,N14902,4140,12266,1226603,IAH,10781,1078105,BTR,1628,0,1600-1659,1723,0,0,0,253
1,1,3,EV,20366,EV,N15986,4141,12278,1227805,ICT,12266,1226603,IAH,1120,0,1100-1159,1311,0,0,0,542
1,1,3,EV,20366,EV,N604UX,4143,13487,1348702,MSP,13930,1393007,ORD,1257,0,1300-1359,1429,0,0,0,334
1,1,3,EV,20366,EV,N611UX,4146,12094,1209402,HDN,13930,1393007,ORD,1326,1,1300-1359,1750,1,0,0,1009
1,1,3,EV,20366,EV,N13903,4149,13930,1393007,ORD,11042,1104205,CLE,1239,0,1200-1259,1455,0,0,0,315
1,1,3,EV,20366,EV,N13988,4150,12217,1221702,HSV,13930,1393007,ORD,804,0,0800-0859,1045,1,0,0,510
1,1,3,EV,20366,EV,N34110,4152,12266,1226603,IAH,10693,1069302,BNA,1156,0,1200-1259,1339,0,0,0,657
1,1,3,EV,20366,EV,N48901,4153,11977,1197705,GRB,13930,1393007,ORD,1152,0,1200-1259,1255,0,0,0,174
1,1,3,EV,20366,EV,N16976,4155,11986,1198603,GRR,11618,1161802,EWR,1819,0,1800-1859,2007,0,0,0,605
1,1,3,EV,20366,EV,N14568,4157,12266,1226603,IAH,12951,1295106,LFT,1820,0,1800-1859,1913,0,0,0,201
1,1,3,EV,20366,EV,N16559,4157,12278,1227805,ICT,12266,1226603,IAH,1506,0,1500-1559,1700,0,0,0,542
1,1,3,EV,20366,EV,N612UX,4159,13930,1393007,ORD,13198,1319801,MCI,1248,0,1200-1259,1419,0,0,0,403
1,1,3,EV,20366,EV,N13978,4162,11066,1106606,CMH,11618,1161802,EWR,1951,0,2000-2059,2126,0,0,0,463
1,1,3,EV,20366,EV,N15572,4165,15624,1562404,VPS,12266,1226603,IAH,1440,0,1400-1459,1650,0,0,0,528
1,1,3,EV,20366,EV,N14542,4166,11996,1199603,GSP,11618,1161802,EWR,1154,0,1200-1259,1339,0,0,0,594
1,1,3,EV,20366,EV,N12569,4168,12451,1245102,JAX,12266,1226603,IAH,912,0,0900-0959,1050,0,0,0,817
1,1,3,EV,20366,EV,N607UX,4169,12266,1226603,IAH,10140,1014005,ABQ,1439,0,1400-1459,1553,0,0,0,744
1,1,3,EV,20366,EV,N609UX,4172,14683,1468305,SAT,12266,1226603,IAH,1411,0,1400-1459,1507,0,0,0,191
1,1,3,EV,20366,EV,N11184,4175,12266,1226603,IAH,14814,1481402,SHV,1206,0,1200-1259,1306,0,0,0,192
1,1,3,EV,20366,EV,N14573,4176,10693,1069302,BNA,12266,1226603,IAH,1608,0,1600-1659,1850,0,0,0,657
1,1,3,EV,20366,EV,N21537,4177,11278,1127805,DCA,11042,1104205,CLE,1548,0,1500-1559,1702,0,0,0,310
1,1,3,EV,20366,EV,N15912,4180,12206,1220605,HRL,12266,1226603,IAH,1844,0,1800-1859,1952,0,0,0,295
1,1,3,EV,20366,EV,N13538,4181,12266,1226603,IAH,12278,1227805,ICT,1941,0,1900-1959,2124,0,0,0,542
1,1,3,EV,20366,EV,N16987,4183,12266,1226603,IAH,12951,1295106,LFT,958,0,1000-1059,1054,0,0,0,201
1,1,3,EV,20366,EV,N16541,4184,14524,1452401,RIC,11618,1161802,EWR,1006,0,1000-1059,1123,0,0,0,277
1,1,3,EV,20366,EV,N17185,4185,13930,1393007,ORD,12945,1294503,LEX,2112,0,2100-2159,2327,0,0,0,323
1,1,3,EV,20366,EV,N14904,4186,13930,1393007,ORD,12339,1233904,IND,1256,0,1200-1259,1455,0,0,0,177
1,1,3,EV,20366,EV,N14991,4187,12448,1244807,JAN,12266,1226603,IAH,918,0,0900-0959,1058,0,0,0,351
1,1,3,EV,20366,EV,N12564,4188,13930,1393007,ORD,13871,1387102,OMA,2012,1,1900-1959,2147,0,0,0,416
1,1,3,EV,20366,EV,N17560,4189,14524,1452401,RIC,13930,1393007,ORD,1252,1,1200-1259,1430,1,0,0,642
1,1,3,EV,20366,EV,N15983,4190,12266,1226603,IAH,11481,1148102,ECP,1944,0,1900-1959,2115,0,0,0,572
1,1,3,EV,20366,EV,N15983,4192,12266,1226603,IAH,13422,1342202,MOB,937,0,0900-0959,1057,0,0,0,427
1,1,3,EV,20366,EV,N14568,4193,12266,1226603,IAH,13377,1337702,MLU,1412,0,1400-1459,1510,0,0,0,262
1,1,3,EV,20366,EV,N604UX,4195,11042,1104205,CLE,13930,1393007,ORD,1909,0,1900-1959,1951,0,0,0,315
1,1,3,EV,20366,EV,N16561,4200,14193,1419306,PNS,12266,1226603,IAH,907,0,0900-0959,1055,0,0,0,489
1,1,3,EV,20366,EV,N14558,4201,12266,1226603,IAH,13198,1319801,MCI,1206,0,1200-1259,1403,0,0,0,643
1,1,3,EV,20366,EV,N12135,4206,12339,1233904,IND,11618,1161802,EWR,1555,0,1600-1659,1751,0,0,0,645
1,1,3,EV,20366,EV,N14916,4207,13930,1393007,ORD,12278,1227805,ICT,1946,0,1900-1959,2143,0,0,0,588
1,1,3,EV,20366,EV,N14905,4212,12266,1226603,IAH,12951,1295106,LFT,1627,0,1600-1659,1722,0,0,0,201
1,1,3,EV,20366,EV,N14916,4213,14524,1452401,RIC,13930,1393007,ORD,1706,0,1700-1759,1813,0,0,0,642
1,1,3,EV,20366,EV,N16546,4214,11146,1114607,CRW,13930,1393007,ORD,811,0,0800-0859,846,0,0,0,416
1,1,3,EV,20366,EV,N11165,4215,11140,1114008,CRP,12266,1226603,IAH,1207,0,1200-1259,1259,0,0,0,201
1,1,3,EV,20366,EV,N16976,4216,11618,1161802,EWR,11057,1105703,CLT,2140,0,2100-2159,2335,0,0,0,529
1,1,3,EV,20366,EV,N15912,4217,10747,1074706,BRO,12266,1226603,IAH,1153,0,1200-1259,1307,0,0,0,308
1,1,3,EV,20366,EV,N17185,4219,14321,1432105,PWM,13930,1393007,ORD,1620,0,1600-1659,1805,0,0,0,900
1,1,3,EV,20366,EV,N15983,4220,12992,1299206,LIT,12266,1226603,IAH,1651,0,1700-1759,1838,0,0,0,374
1,1,3,EV,20366,EV,N14993,4221,10693,1069302,BNA,12266,1226603,IAH,1111,0,1100-1159,1352,0,0,0,657
1,1,3,EV,20366,EV,N13979,4223,10785,1078502,BTV,13930,1393007,ORD,1640,0,1600-1659,1814,0,0,0,763
1,1,3,EV,20366,EV,N604UX,4224,12266,1226603,IAH,13487,1348702,MSP,932,0,0900-0959,1217,0,0,0,1034
1,1,3,EV,20366,EV,N16987,4227,11049,1104903,CLL,12266,1226603,IAH,1606,0,1600-1659,1645,0,0,0,74
1,1,3,EV,20366,EV,N13538,4230,12266,1226603,IAH,13851,1385103,OKC,1412,0,1400-1459,1533,0,0,0,395
1,1,3,EV,20366,EV,N602UX,4231,13930,1393007,ORD,12451,1245102,JAX,1532,1,1400-1459,1841,1,0,0,864
1,1,3,EV,20366,EV,N15574,4232,12896,1289607,LBB,12266,1226603,IAH,1842,1,1700-1759,2017,1,0,0,458
1,1,3,EV,20366,EV,N614UX,4237,12266,1226603,IAH,12953,1295304,LGA,1000,0,1000-1059,1429,0,0,0,1416
1,1,3,EV,20366,EV,N604UX,4237,13495,1349505,MSY,12266,1226603,IAH,705,0,0700-0759,822,0,0,0,305
1,1,3,EV,20366,EV,N29917,4238,11618,1161802,EWR,13931,1393102,ORF,1122,0,1100-1159,1232,0,0,0,284
1,1,3,EV,20366,EV,N606UX,4239,14683,1468305,SAT,12266,1226603,IAH,1603,0,1600-1659,1649,0,0,0,191
1,1,3,EV,20366,EV,N11551,4242,10781,1078105,BTR,12266,1226603,IAH,1550,0,1600-1659,1712,0,0,0,253
1,1,3,EV,20366,EV,N15572,4242,12266,1226603,IAH,15016,1501606,STL,1828,0,1800-1859,2027,0,0,0,667
1,1,3,EV,20366,EV,N612UX,4245,13198,1319801,MCI,13930,1393007,ORD,1515,0,1500-1559,1649,0,0,0,403
1,1,3,EV,20366,EV,N14993,4246,12266,1226603,IAH,13061,1306106,LRD,1418,0,1400-1459,1543,0,0,0,301
1,1,3,EV,20366,EV,N16541,4250,12266,1226603,IAH,13422,1342202,MOB,1937,0,1900-1959,2047,0,0,0,427
1,1,3,EV,20366,EV,N14180,4253,13930,1393007,ORD,15412,1541205,TYS,1746,0,1700-1759,2016,0,0,0,475
1,1,3,EV,20366,EV,N11551,4258,10279,1027903,AMA,12266,1226603,IAH,1149,0,1100-1159,1324,0,0,0,517
1,1,3,EV,20366,EV,N14562,4259,12266,1226603,IAH,14814,1481402,SHV,2132,0,2100-2159,2223,0,0,0,192
1,1,3,EV,20366,EV,N13988,4259,15016,1501606,STL,12266,1226603,IAH,1818,0,1800-1859,2039,0,0,0,667
1,1,3,EV,20366,EV,N13989,4261,15016,1501606,STL,12266,1226603,IAH,1518,1,1400-1459,1749,1,0,0,667
1,1,3,EV,20366,EV,N12135,4262,12266,1226603,IAH,12339,1233904,IND,1149,0,1100-1159,1505,0,0,0,844
1,1,3,EV,20366,EV,N19554,4264,12266,1226603,IAH,12915,1291503,LCH,1011,0,1000-1059,1057,0,0,0,127
1,1,3,EV,20366,EV,N15555,4265,11066,1106606,CMH,11618,1161802,EWR,1213,0,1200-1259,1413,0,0,0,463
1,1,3,EV,20366,EV,N15986,4267,12266,1226603,IAH,10747,1074706,BRO,1812,0,1800-1859,1939,0,0,0,308
1,1,3,EV,20366,EV,N607UX,4268,10140,1014005,ABQ,12266,1226603,IAH,1700,0,1700-1759,2013,0,0,0,744
1,1,3,EV,20366,EV,N27200,4270,15370,1537002,TUL,12266,1226603,IAH,1651,0,1600-1659,1846,0,0,0,429
1,1,3,EV,20366,EV,N16571,4273,13871,1387102,OMA,13930,1393007,ORD,857,0,0900-0959,1053,0,0,0,416
1,1,3,EV,20366,EV,N13975,4274,11618,1161802,EWR,13931,1393102,ORF,2054,0,2000-2059,2215,0,0,0,284
1,1,3,EV,20366,EV,N29917,4277,13931,1393102,ORF,11618,1161802,EWR,1338,0,1300-1359,1505,0,0,0,284
1,1,3,EV,20366,EV,N12166,4279,11193,1119302,CVG,12266,1226603,IAH,2024,1,1500-1559,2225,1,0,0,871
1,1,3,EV,20366,EV,N13538,4280,12266,1226603,IAH,11973,1197302,GPT,946,0,0900-0959,1105,0,0,0,376
1,1,3,EV,20366,EV,N612UX,4281,13930,1393007,ORD,13931,1393102,ORF,1801,0,1800-1859,2109,0,0,0,717
1,1,3,EV,20366,EV,N10575,4285,11618,1161802,EWR,11433,1143302,DTW,553,0,0600-0659,752,0,0,0,488
1,1,3,EV,20366,EV,N13538,4286,13061,1306106,LRD,12266,1226603,IAH,718,0,0700-0759,825,0,0,0,301
1,1,3,EV,20366,EV,N14558,4287,13198,1319801,MCI,12266,1226603,IAH,1450,0,1500-1559,1708,0,0,0,643
1,1,3,EV,20366,EV,N16561,4288,13244,1324402,MEM,13930,1393007,ORD,1417,0,1400-1459,1600,0,0,0,491
1,1,3,EV,20366,EV,N14188,4290,13502,1350202,MTJ,12266,1226603,IAH,1503,0,1400-1459,1843,0,0,0,927
1,1,3,EV,20366,EV,N16170,4291,15370,1537002,TUL,12266,1226603,IAH,1700,1,1500-1559,1842,1,0,0,429
1,1,3,EV,20366,EV,N608UX,4292,13930,1393007,ORD,12953,1295304,LGA,1557,0,1600-1659,1907,0,0,0,733
1,1,3,EV,20366,EV,N14542,4294,11618,1161802,EWR,14685,1468502,SAV,1412,0,1400-1459,1651,0,0,0,708
1,1,3,EV,20366,EV,N608UX,4295,12266,1226603,IAH,11433,1143302,DTW,955,0,0900-0959,1329,0,0,0,1075
1,1,3,EV,20366,EV,N14542,4299,13930,1393007,ORD,10693,1069302,BNA,1950,0,1900-1959,2128,0,0,0,409
1,1,3,EV,20366,EV,N14905,4300,13256,1325602,MFE,12266,1226603,IAH,928,0,0900-0959,1038,0,0,0,316
1,1,3,EV,20366,EV,N16976,4303,13930,1393007,ORD,11986,1198603,GRR,1531,0,1500-1559,1728,0,0,0,137
1,1,3,EV,20366,EV,N14905,4304,12951,1295106,LFT,12266,1226603,IAH,1854,0,1900-1959,2008,0,0,0,201
1,1,3,EV,20366,EV,N609UX,4305,12266,1226603,IAH,14683,1468305,SAT,1217,0,1200-1259,1319,0,0,0,191
1,1,3,EV,20366,EV,N12563,4310,15624,1562404,VPS,12266,1226603,IAH,848,0,0900-0959,1100,0,0,0,528
1,1,3,EV,20366,EV,N11192,4313,11193,1119302,CVG,12266,1226603,IAH,1652,0,1700-1759,1852,0,0,0,871
1,1,3,EV,20366,EV,N14573,4314,11057,1105703,CLT,11618,1161802,EWR,830,0,0800-0859,1033,0,0,0,529
1,1,3,EV,20366,EV,N613UX,4315,13487,1348702,MSP,12266,1226603,IAH,1027,0,1000-1059,1330,0,0,0,1034
1,1,3,EV,20366,EV,N14902,4316,12266,1226603,IAH,12915,1291503,LCH,2135,0,2100-2159,2219,0,0,0,127
1,1,3,EV,20366,EV,N19554,4317,12266,1226603,IAH,12206,1220605,HRL,1939,0,1900-1959,2104,0,0,0,295
1,1,3,EV,20366,EV,N615UX,4319,13930,1393007,ORD,11278,1127805,DCA,1354,0,1400-1459,1634,0,0,0,612
1,1,3,EV,20366,EV,N13995,4321,10185,1018502,AEX,12266,1226603,IAH,1201,0,1200-1259,1311,0,0,0,190
1,1,3,EV,20366,EV,N610UX,4323,13930,1393007,ORD,10994,1099402,CHS,1226,0,1200-1259,1526,0,0,0,760
1,1,3,EV,20366,EV,N17984,4324,10693,1069302,BNA,11618,1161802,EWR,637,0,0600-0659,958,0,0,0,748
1,1,3,EV,20366,EV,N611UX,4328,13930,1393007,ORD,12217,1221702,HSV,1822,0,1800-1859,2008,0,0,0,510
1,1,3,EV,20366,EV,N13992,4330,10747,1074706,BRO,12266,1226603,IAH,1652,0,1700-1759,1804,0,0,0,308
1,1,3,WN,19393,WN,N794SW,5198,10140,1014005,ABQ,10423,1042302,AUS,1200,1,1100-1159,1432,0,0,0,619
1,1,3,WN,19393,WN,N776WN,1493,10140,1014005,ABQ,10821,1082106,BWI,852,1,0800-0859,1358,1,0,0,1670
1,1,3,WN,19393,WN,N444WN,4139,10140,1014005,ABQ,11259,1125904,DAL,1111,0,1100-1159,1344,0,0,0,580
1,1,3,WN,19393,WN,N246LV,4514,10140,1014005,ABQ,11259,1125904,DAL,1354,0,1300-1359,1626,0,0,0,580
1,1,3,WN,19393,WN,N8557Q,4881,10140,1014005,ABQ,11259,1125904,DAL,721,0,0700-0759,959,0,0,0,580
1,1,3,WN,19393,WN,N719SW,5685,10140,1014005,ABQ,11259,1125904,DAL,1845,0,1800-1859,2127,0,0,0,580
1,1,3,WN,19393,WN,N934WN,5767,10140,1014005,ABQ,11259,1125904,DAL,2027,0,2000-2059,2304,0,0,0,580
1,1,3,WN,19393,WN,N555LV,3658,10140,1014005,ABQ,11292,1129202,DEN,750,0,0700-0759,919,0,0,0,349
1,1,3,WN,19393,WN,N733SA,5835,10140,1014005,ABQ,11292,1129202,DEN,1715,0,1700-1759,1819,0,0,0,349
1,1,3,WN,19393,WN,N934WN,5859,10140,1014005,ABQ,11292,1129202,DEN,1339,0,1300-1359,1449,0,0,0,349
1,1,3,WN,19393,WN,N929WN,1495,10140,1014005,ABQ,12191,1219102,HOU,1553,0,1500-1559,1849,0,0,0,759
1,1,3,WN,19393,WN,N551WN,4761,10140,1014005,ABQ,12191,1219102,HOU,528,0,0001-0559,830,0,0,0,759
1,1,3,WN,19393,WN,N908WN,4872,10140,1014005,ABQ,12191,1219102,HOU,1310,1,1100-1159,1556,1,0,0,759
1,1,3,WN,19393,WN,N456WN,2029,10140,1014005,ABQ,12889,1288903,LAS,1955,0,1900-1959,2025,0,0,0,486
1,1,3,WN,19393,WN,N930WN,3559,10140,1014005,ABQ,12889,1288903,LAS,729,0,0700-0759,758,0,0,0,486
1,1,3,WN,19393,WN,N732SW,5099,10140,1014005,ABQ,12889,1288903,LAS,1558,0,1500-1559,1628,0,0,0,486
1,1,3,WN,19393,WN,N716SW,6260,10140,1014005,ABQ,12889,1288903,LAS,1017,0,1000-1059,1041,0,0,0,486
1,1,3,WN,19393,WN,N276WN,611,10140,1014005,ABQ,12892,1289208,LAX,1842,1,1800-1859,1941,1,0,0,677
1,1,3,WN,19393,WN,N8569Z,4958,10140,1014005,ABQ,12892,1289208,LAX,701,0,0700-0759,753,0,0,0,677
1,1,3,WN,19393,WN,N224WN,1569,10140,1014005,ABQ,13198,1319801,MCI,1053,0,1000-1059,1335,0,0,0,718
1,1,3,WN,19393,WN,N953WN,5812,10140,1014005,ABQ,13232,1323202,MDW,1505,0,1500-1559,1828,0,0,0,1121
1,1,3,WN,19393,WN,N920WN,6091,10140,1014005,ABQ,13232,1323202,MDW,911,0,0900-0959,1251,0,0,0,1121
1,1,3,WN,19393,WN,N445WN,3935,10140,1014005,ABQ,13796,1379608,OAK,800,1,0600-0659,919,1,0,0,889
1,1,3,WN,19393,WN,N7708E,4080,10140,1014005,ABQ,13796,1379608,OAK,1843,0,1800-1859,2016,0,0,0,889
1,1,3,WN,19393,WN,N272WN,6322,10140,1014005,ABQ,13796,1379608,OAK,1017,0,1000-1059,1140,0,0,0,889
1,1,3,WN,19393,WN,N737JW,948,10140,1014005,ABQ,14107,1410702,PHX,1756,0,1700-1759,1907,0,0,0,328
1,1,3,WN,19393,WN,N964WN,4735,10140,1014005,ABQ,14107,1410702,PHX,1036,1,1000-1059,1145,0,0,0,328
1,1,3,WN,19393,WN,N225WN,4860,10140,1014005,ABQ,14107,1410702,PHX,2037,0,2000-2059,2148,0,0,0,328
1,1,3,WN,19393,WN,N716SW,5164,10140,1014005,ABQ,14107,1410702,PHX,1437,0,1400-1459,1549,0,0,0,328
1,1,3,WN,19393,WN,N470WN,6620,10140,1014005,ABQ,14107,1410702,PHX,758,0,0800-0859,925,0,0,0,328
1,1,3,WN,19393,WN,N269WN,6717,10140,1014005,ABQ,14679,1467903,SAN,1337,0,1300-1359,1418,0,0,0,628
1,1,3,WN,19393,WN,N938WN,2114,10140,1014005,ABQ,14831,1483106,SJC,1235,0,1200-1259,1355,0,0,0,870
1,1,3,WN,19393,WN,N459WN,3241,10257,1025702,ALB,10821,1082106,BWI,1444,0,1400-1459,1557,0,0,0,289
1,1,3,WN,19393,WN,N8510E,6116,10257,1025702,ALB,10821,1082106,BWI,1010,0,1000-1059,1118,0,0,0,289
1,1,3,WN,19393,WN,N472WN,6494,10257,1025702,ALB,10821,1082106,BWI,1733,0,1700-1759,1838,0,0,0,289
1,1,3,WN,19393,WN,N238WN,6569,10257,1025702,ALB,10821,1082106,BWI,550,0,0001-0559,704,0,0,0,289
1,1,3,WN,19393,WN,N709SW,3338,10257,1025702,ALB,13204,1320402,MCO,1814,0,1800-1859,2107,0,0,0,1073
1,1,3,WN,19393,WN,N738CB,4156,10257,1025702,ALB,13204,1320402,MCO,650,0,0600-0659,939,0,0,0,1073
1,1,3,WN,19393,WN,N8610A,3289,10257,1025702,ALB,13232,1323202,MDW,620,0,0600-0659,725,0,0,0,717
1,1,3,WN,19393,WN,N422WN,3956,10257,1025702,ALB,13232,1323202,MDW,1255,1,1200-1259,1356,0,0,0,717
1,1,3,WN,19393,WN,N921WN,4783,10257,1025702,ALB,13232,1323202,MDW,1600,0,1600-1659,1711,0,0,0,717
1,1,3,WN,19393,WN,N8609A,1311,10257,1025702,ALB,15304,1530402,TPA,1327,1,1200-1259,1631,1,0,0,1130
1,1,3,WN,19393,WN,N765SW,1911,10279,1027903,AMA,11259,1125904,DAL,1632,0,1600-1659,1736,0,0,0,323
1,1,3,WN,19393,WN,N779SW,3402,10279,1027903,AMA,11259,1125904,DAL,1853,0,1900-1959,2003,0,0,0,323
1,1,3,WN,19393,WN,N291WN,6358,10279,1027903,AMA,11259,1125904,DAL,622,0,0600-0659,726,0,0,0,323
1,1,3,WN,19393,WN,N269WN,6717,10279,1027903,AMA,11259,1125904,DAL,1000,0,1000-1059,1103,0,0,0,323
1,1,3,WN,19393,WN,N7721E,5246,10279,1027903,AMA,12889,1288903,LAS,1737,0,1700-1759,1739,0,0,0,758
1,1,3,WN,19393,WN,N8522P,845,10397,1039707,ATL,10423,1042302,AUS,1354,0,1300-1359,1521,0,0,0,813
1,1,3,WN,19393,WN,N8517F,2923,10397,1039707,ATL,10423,1042302,AUS,651,0,0600-0659,834,0,0,0,813
1,1,3,WN,19393,WN,N8625A,4306,10397,1039707,ATL,10423,1042302,AUS,1953,0,1900-1959,2121,0,0,0,813
1,1,3,WN,19393,WN,N8692F,1136,10397,1039707,ATL,10693,1069302,BNA,622,0,0600-0659,619,0,0,0,214
1,1,3,WN,19393,WN,N414WN,3250,10397,1039707,ATL,10693,1069302,BNA,1454,0,1400-1459,1454,0,0,0,214
1,1,3,WN,19393,WN,N958WN,5125,10397,1039707,ATL,10693,1069302,BNA,2146,0,2100-2159,2149,0,0,0,214
1,1,3,WN,19393,WN,N952WN,5942,10397,1039707,ATL,10693,1069302,BNA,1055,0,1000-1059,1055,0,0,0,214
1,1,3,WN,19393,WN,N294WN,6694,10397,1039707,ATL,10721,1072102,BOS,935,0,0900-0959,1142,0,0,0,946
1,1,3,WN,19393,WN,N8627B,759,10397,1039707,ATL,10821,1082106,BWI,710,0,0700-0759,837,0,0,0,577
1,1,3,WN,19393,WN,N7717D,1657,10397,1039707,ATL,10821,1082106,BWI,2222,0,2200-2259,2357,0,0,0,577
1,1,3,WN,19393,WN,N946WN,4196,10397,1039707,ATL,10821,1082106,BWI,1930,0,1900-1959,2113,0,0,0,577
1,1,3,WN,19393,WN,N747SA,5277,10397,1039707,ATL,10821,1082106,BWI,910,0,0900-0959,1043,0,0,0,577
1,1,3,WN,19393,WN,N7888A,5495,10397,1039707,ATL,10821,1082106,BWI,1745,0,1700-1759,1921,0,0,0,577
1,1,3,WN,19393,WN,N933WN,6742,10397,1039707,ATL,10821,1082106,BWI,1320,0,1300-1359,1451,0,0,0,577
1,1,3,WN,19393,WN,N7823A,6,10397,1039707,ATL,11042,1104205,CLE,1729,0,1700-1759,1900,0,0,0,554
1,1,3,WN,19393,WN,N442WN,4346,10397,1039707,ATL,11042,1104205,CLE,831,0,0800-0859,1008,0,0,0,554
1,1,3,WN,19393,WN,N237WN,1813,10397,1039707,ATL,11066,1106606,CMH,2329,1,2100-2159,45,1,0,0,447
1,1,3,WN,19393,WN,N424WN,4545,10397,1039707,ATL,11066,1106606,CMH,831,0,0800-0859,954,0,0,0,447
1,1,3,WN,19393,WN,N956WN,4652,10397,1039707,ATL,11066,1106606,CMH,1606,0,1500-1559,1726,0,0,0,447
1,1,3,WN,19393,WN,N775SW,3287,10397,1039707,ATL,11259,1125904,DAL,1319,0,1300-1359,1449,0,0,0,721
1,1,3,WN,19393,WN,N725SW,5472,10397,1039707,ATL,11259,1125904,DAL,654,0,0700-0759,831,1,0,0,721
1,1,3,WN,19393,WN,N7734H,6031,10397,1039707,ATL,11259,1125904,DAL,1056,1,1000-1059,1226,1,0,0,721
1,1,3,WN,19393,WN,N8504G,6305,10397,1039707,ATL,11259,1125904,DAL,1645,0,1600-1659,1807,0,0,0,721
1,1,3,WN,19393,WN,N8581Z,6735,10397,1039707,ATL,11259,1125904,DAL,2003,0,1900-1959,2127,1,0,0,721
1,1,3,WN,19393,WN,N945WN,5383,10397,1039707,ATL,11278,1127805,DCA,658,0,0700-0759,823,0,0,0,547
1,1,3,WN,19393,WN,N719SW,6216,10397,1039707,ATL,11278,1127805,DCA,1047,0,1000-1059,1213,0,0,0,547
1,1,3,WN,19393,WN,N713SW,6562,10397,1039707,ATL,11278,1127805,DCA,2043,0,2000-2059,2212,0,0,0,547
1,1,3,WN,19393,WN,N275WN,6725,10397,1039707,ATL,11278,1127805,DCA,1516,0,1500-1559,1648,0,0,0,547
1,1,3,WN,19393,WN,N8692F,3349,10397,1039707,ATL,11292,1129202,DEN,1510,0,1500-1559,1641,0,0,0,1199
1,1,3,WN,19393,WN,N8651A,3902,10397,1039707,ATL,11292,1129202,DEN,1233,0,1200-1259,1356,1,0,0,1199
1,1,3,WN,19393,WN,N954WN,5429,10397,1039707,ATL,11292,1129202,DEN,1911,0,1900-1959,2046,0,0,0,1199
1,1,3,WN,19393,WN,N7817J,3256,10397,1039707,ATL,11697,1169706,FLL,643,0,0600-0659,828,0,0,0,581
1,1,3,WN,19393,WN,N449WN,5735,10397,1039707,ATL,11697,1169706,FLL,1316,0,1300-1359,1457,0,0,0,581
1,1,3,WN,19393,WN,N475WN,6691,10397,1039707,ATL,11697,1169706,FLL,1652,0,1600-1659,1830,0,0,0,581
1,1,3,WN,19393,WN,N8560Z,6739,10397,1039707,ATL,11697,1169706,FLL,1110,1,1000-1059,1252,0,0,0,581
1,1,3,WN,19393,WN,N268WN,4366,10397,1039707,ATL,11996,1199603,GSP,1316,0,1300-1359,1405,0,0,0,153
1,1,3,WN,19393,WN,N948WN,4627,10397,1039707,ATL,11996,1199603,GSP,2144,0,2100-2159,2227,0,0,0,153
1,1,3,WN,19393,WN,N755SA,5493,10397,1039707,ATL,11996,1199603,GSP,1630,0,1600-1659,1714,0,0,0,153
1,1,3,WN,19393,WN,N8580Z,3947,10397,1039707,ATL,12191,1219102,HOU,1448,0,1400-1459,1558,0,0,0,696
1,1,3,WN,19393,WN,N782SA,4192,10397,1039707,ATL,12191,1219102,HOU,2252,1,2200-2259,1,0,0,0,696
1,1,3,WN,19393,WN,N716SW,4688,10397,1039707,ATL,12191,1219102,HOU,613,0,0600-0659,738,0,0,0,696
1,1,3,WN,19393,WN,N285WN,4834,10397,1039707,ATL,12191,1219102,HOU,1733,1,1700-1759,1845,1,0,0,696
1,1,3,WN,19393,WN,N903WN,4920,10397,1039707,ATL,12191,1219102,HOU,922,0,0900-0959,1037,0,0,0,696
1,1,3,WN,19393,WN,N900WN,5715,10397,1039707,ATL,12191,1219102,HOU,1102,0,1100-1159,1224,0,0,0,696
1,1,3,WN,19393,WN,N286WN,5381,10397,1039707,ATL,12264,1226402,IAD,1623,0,1600-1659,1749,0,0,0,534
1,1,3,WN,19393,WN,N232WN,4279,10397,1039707,ATL,12339,1233904,IND,2343,1,2200-2259,100,1,0,0,432
1,1,3,WN,19393,WN,N739GB,4418,10397,1039707,ATL,12339,1233904,IND,848,0,0800-0859,1009,0,0,0,432
1,1,3,WN,19393,WN,N239WN,5668,10397,1039707,ATL,12339,1233904,IND,1537,0,1500-1559,1659,0,0,0,432
1,1,3,WN,19393,WN,N240WN,4276,10397,1039707,ATL,12451,1245102,JAX,1343,0,1300-1359,1438,0,0,0,270
1,1,3,WN,19393,WN,N414WN,4913,10397,1039707,ATL,12451,1245102,JAX,1058,0,1100-1159,1156,0,0,0,270
1,1,3,WN,19393,WN,N7858A,5005,10397,1039707,ATL,12451,1245102,JAX,1957,0,1900-1959,2059,0,0,0,270
1,1,3,WN,19393,WN,N250WN,1089,10397,1039707,ATL,12889,1288903,LAS,840,0,0800-0859,1018,0,0,0,1747
1,1,3,WN,19393,WN,N263WN,2151,10397,1039707,ATL,12889,1288903,LAS,2044,0,2000-2059,2234,1,0,0,1747
1,1,3,WN,19393,WN,N949WN,4500,10397,1039707,ATL,12892,1289208,LAX,653,0,0600-0659,850,0,0,0,1947
1,1,3,WN,19393,WN,N8577Z,5846,10397,1039707,ATL,12892,1289208,LAX,2006,0,1900-1959,2210,0,0,0,1947
1,1,3,WN,19393,WN,N950WN,2805,10397,1039707,ATL,12953,1295304,LGA,557,0,0600-0659,748,0,0,0,762
1,1,3,WN,19393,WN,N903WN,4945,10397,1039707,ATL,12953,1295304,LGA,2009,1,1900-1959,2204,1,0,0,762
1,1,3,WN,19393,WN,N443WN,5451,10397,1039707,ATL,12953,1295304,LGA,1535,0,1500-1559,1748,0,0,0,762
1,1,3,WN,19393,WN,N418WN,6577,10397,1039707,ATL,12953,1295304,LGA,1231,0,1200-1259,1433,0,0,0,762
1,1,3,WN,19393,WN,N482WN,6769,10397,1039707,ATL,12953,1295304,LGA,943,1,0900-0959,1138,1,0,0,762
1,1,3,WN,19393,WN,N938WN,2114,10397,1039707,ATL,13198,1319801,MCI,844,0,0800-0859,956,0,0,0,692
1,1,3,WN,19393,WN,N7851A,6361,10397,1039707,ATL,13198,1319801,MCI,2148,0,2100-2159,2255,0,0,0,692
1,1,3,WN,19393,WN,N290WN,3526,10397,1039707,ATL,13204,1320402,MCO,1855,0,1800-1859,2011,0,0,0,404
1,1,3,WN,19393,WN,N223WN,3774,10397,1039707,ATL,13204,1320402,MCO,958,0,1000-1059,1121,0,0,0,404
1,1,3,WN,19393,WN,N743SW,3941,10397,1039707,ATL,13204,1320402,MCO,1144,0,1100-1159,1303,0,0,0,404
1,1,3,WN,19393,WN,N422WN,4219,10397,1039707,ATL,13204,1320402,MCO,2021,0,2000-2059,2138,0,0,0,404
1,1,3,WN,19393,WN,N7841A,4413,10397,1039707,ATL,13204,1320402,MCO,1526,0,1500-1559,1646,0,0,0,404
1,1,3,WN,19393,WN,N447WN,3025,10397,1039707,ATL,13232,1323202,MDW,2020,1,2000-2059,2107,0,0,0,591
1,1,3,WN,19393,WN,N459WN,3241,10397,1039707,ATL,13232,1323202,MDW,2208,0,2200-2259,2246,0,0,0,591
1,1,3,WN,19393,WN,N7884G,3733,10397,1039707,ATL,13232,1323202,MDW,700,0,0700-0759,746,0,0,0,591
1,1,3,WN,19393,WN,N567WN,5940,10397,1039707,ATL,13232,1323202,MDW,1842,0,1800-1859,1930,0,0,0,591
1,1,3,WN,19393,WN,N7836A,6684,10397,1039707,ATL,13232,1323202,MDW,1626,0,1600-1659,1718,0,0,0,591
1,1,3,WN,19393,WN,N249WN,6700,10397,1039707,ATL,13232,1323202,MDW,953,0,0900-0959,1039,0,0,0,591
1,1,3,WN,19393,WN,N216WR,2170,10397,1039707,ATL,13342,1334207,MKE,832,0,0800-0859,931,0,0,0,669
1,1,3,WN,19393,WN,N8686A,5794,10397,1039707,ATL,13342,1334207,MKE,1543,0,1500-1559,1636,0,0,0,669
1,1,3,WN,19393,WN,N419WN,3508,10397,1039707,ATL,13495,1349505,MSY,1217,0,1200-1259,1250,0,0,0,425
1,1,3,WN,19393,WN,N562WN,4642,10397,1039707,ATL,13495,1349505,MSY,1723,0,1700-1759,1745,0,0,0,425
1,1,3,WN,19393,WN,N778SW,5843,10397,1039707,ATL,13495,1349505,MSY,656,0,0700-0759,730,0,0,0,425
1,1,3,WN,19393,WN,N8667D,6585,10397,1039707,ATL,13495,1349505,MSY,1955,0,1900-1959,2024,0,0,0,425
1,1,3,WN,19393,WN,N8648A,2104,10397,1039707,ATL,13796,1379608,OAK,1535,0,1500-1559,1810,0,0,0,2130
1,1,3,WN,19393,WN,N755SA,4299,10397,1039707,ATL,14027,1402702,PBI,1952,0,1900-1959,2129,0,0,0,545
1,1,3,WN,19393,WN,N268WN,4368,10397,1039707,ATL,14100,1410005,PHL,1632,0,1600-1659,1813,0,0,0,666
1,1,3,WN,19393,WN,N468WN,4753,10397,1039707,ATL,14100,1410005,PHL,835,0,0800-0859,1020,0,0,0,666
1,1,3,WN,19393,WN,N235WN,2101,10397,1039707,ATL,14107,1410702,PHX,1900,0,1800-1859,2127,1,0,0,1587
1,1,3,WN,19393,WN,N8571Z,3870,10397,1039707,ATL,14107,1410702,PHX,1401,0,1300-1359,1635,1,0,0,1587
1,1,3,WN,19393,WN,N8698B,5446,10397,1039707,ATL,14107,1410702,PHX,618,0,0600-0659,853,1,0,0,1587
1,1,3,WN,19393,WN,N8679A,1733,10397,1039707,ATL,14122,1412202,PIT,839,0,0800-0859,1007,0,0,0,526
1,1,3,WN,19393,WN,N749SW,3905,10397,1039707,ATL,14122,1412202,PIT,2326,1,2200-2259,47,0,0,0,526
1,1,3,WN,19393,WN,N421LV,5316,10397,1039707,ATL,14122,1412202,PIT,1430,0,1400-1459,1559,0,0,0,526
1,1,3,WN,19393,WN,N7835A,1107,10397,1039707,ATL,14492,1449202,RDU,2154,0,2100-2159,2304,0,0,0,356
1,1,3,WN,19393,WN,N211WN,3186,10397,1039707,ATL,14492,1449202,RDU,1555,0,1600-1659,1719,0,0,0,356
1,1,3,WN,19393,WN,N239WN,3282,10397,1039707,ATL,14524,1452401,RIC,1046,0,1000-1059,1202,0,0,0,481
1,1,3,WN,19393,WN,N562WN,4360,10397,1039707,ATL,14524,1452401,RIC,2147,0,2100-2159,2303,0,0,0,481
1,1,3,WN,19393,WN,N949WN,4714,10397,1039707,ATL,14635,1463502,RSW,2036,0,2000-2059,2201,0,0,0,515
1,1,3,WN,19393,WN,N410WN,5992,10397,1039707,ATL,14635,1463502,RSW,952,0,0900-0959,1123,0,0,0,515
1,1,3,WN,19393,WN,N8660A,6273,10397,1039707,ATL,14679,1467903,SAN,1050,0,1000-1059,1244,0,0,0,1892
1,1,3,WN,19393,WN,N8680C,4670,10397,1039707,ATL,14683,1468305,SAT,1949,0,1900-1959,2133,0,0,0,874
1,1,3,WN,19393,WN,N729SW,5825,10397,1039707,ATL,14683,1468305,SAT,957,0,1000-1059,1138,0,0,0,874
1,1,3,WN,19393,WN,N795SW,1765,10397,1039707,ATL,15016,1501606,STL,1529,0,1500-1559,1613,0,0,0,484
1,1,3,WN,19393,WN,N8606C,2078,10397,1039707,ATL,15016,1501606,STL,1159,0,1200-1259,1231,0,0,0,484
1,1,3,WN,19393,WN,N8677A,3011,10397,1039707,ATL,15016,1501606,STL,2148,0,2100-2159,2226,0,0,0,484
1,1,3,WN,19393,WN,N7724A,4374,10397,1039707,ATL,15016,1501606,STL,902,0,0900-0959,945,0,0,0,484
1,1,3,WN,19393,WN,N459WN,4255,10397,1039707,ATL,15304,1530402,TPA,911,0,0900-0959,1025,0,0,0,406
1,1,3,WN,19393,WN,N463WN,4697,10397,1039707,ATL,15304,1530402,TPA,1341,0,1300-1359,1452,0,0,0,406
1,1,3,WN,19393,WN,N414WN,6076,10397,1039707,ATL,15304,1530402,TPA,706,1,0600-0659,820,1,0,0,406
1,1,3,WN,19393,WN,N238WN,6569,10397,1039707,ATL,15304,1530402,TPA,1051,0,1000-1059,1203,0,0,0,406
1,1,3,WN,19393,WN,N224WN,6629,10423,1042302,AUS,10140,1014005,ABQ,915,0,0900-0959,1006,0,0,0,619
1,1,3,WN,19393,WN,N473WN,1813,10423,1042302,AUS,10397,1039707,ATL,1803,0,1800-1859,2049,0,0,0,813
1,1,3,WN,19393,WN,N729SW,4725,10423,1042302,AUS,10397,1039707,ATL,607,0,0600-0659,854,0,0,0,813
1,1,3,WN,19393,WN,N275WN,6725,10423,1042302,AUS,10397,1039707,ATL,1134,0,1100-1159,1421,0,0,0,813
1,1,3,WN,19393,WN,N7749B,1143,10423,1042302,AUS,10693,1069302,BNA,1847,0,1800-1859,2025,0,0,0,756
1,1,3,WN,19393,WN,N749SW,3009,10423,1042302,AUS,10693,1069302,BNA,657,0,0700-0759,835,0,0,0,756
1,1,3,WN,19393,WN,N741SA,4086,10423,1042302,AUS,10693,1069302,BNA,1419,0,1400-1459,1600,0,0,0,756
1,1,3,WN,19393,WN,N8515X,5022,10423,1042302,AUS,10721,1072102,BOS,947,0,0900-0959,1411,0,0,0,1698
1,1,3,WN,19393,WN,N937WN,2727,10423,1042302,AUS,10821,1082106,BWI,1635,0,1600-1659,2011,0,0,0,1342
1,1,3,WN,19393,WN,N745SW,3691,10423,1042302,AUS,10821,1082106,BWI,606,0,0600-0659,945,0,0,0,1342
1,1,3,WN,19393,WN,N8644C,5975,10423,1042302,AUS,10821,1082106,BWI,1256,0,1300-1359,1631,0,0,0,1342
1,1,3,WN,19393,WN,N436WN,875,10423,1042302,AUS,11259,1125904,DAL,2033,0,2000-2059,2121,0,0,0,189
1,1,3,WN,19393,WN,N967WN,1300,10423,1042302,AUS,11259,1125904,DAL,2112,0,2100-2159,2155,0,0,0,189
1,1,3,WN,19393,WN,N711HK,1557,10423,1042302,AUS,11259,1125904,DAL,644,0,0600-0659,737,0,0,0,189
1,1,3,WN,19393,WN,N7715E,4096,10423,1042302,AUS,11259,1125904,DAL,1542,0,1500-1559,1638,0,0,0,189
1,1,3,WN,19393,WN,N940WN,4990,10423,1042302,AUS,11259,1125904,DAL,915,0,0900-0959,1005,0,0,0,189
1,1,3,WN,19393,WN,N728SW,5766,10423,1042302,AUS,11259,1125904,DAL,1233,0,1200-1259,1323,0,0,0,189
1,1,3,WN,19393,WN,N291WN,5884,10423,1042302,AUS,11259,1125904,DAL,1015,0,1000-1059,1104,0,0,0,189
1,1,3,WN,19393,WN,N7815L,6225,10423,1042302,AUS,11259,1125904,DAL,1940,0,1900-1959,2036,0,0,0,189
1,1,3,WN,19393,WN,N705SW,6302,10423,1042302,AUS,11259,1125904,DAL,1441,0,1400-1459,1533,0,0,0,189
1,1,3,WN,19393,WN,N8306H,4626,10423,1042302,AUS,11278,1127805,DCA,1235,0,1200-1259,1616,0,0,0,1315
1,1,3,WN,19393,WN,N8515X,5023,10423,1042302,AUS,11292,1129202,DEN,2014,0,2000-2059,2110,0,0,0,775
1,1,3,WN,19393,WN,N783SW,5497,10423,1042302,AUS,11292,1129202,DEN,2202,0,2100-2159,2253,0,0,0,775
1,1,3,WN,19393,WN,N236WN,6146,10423,1042302,AUS,11292,1129202,DEN,1114,0,1100-1159,1211,0,0,0,775
1,1,3,WN,19393,WN,N476WN,6351,10423,1042302,AUS,11292,1129202,DEN,1728,0,1700-1759,1831,0,0,0,775
1,1,3,WN,19393,WN,N8565Z,6690,10423,1042302,AUS,11292,1129202,DEN,1454,0,1400-1459,1555,0,0,0,775
1,1,3,WN,19393,WN,N7865A,4683,10423,1042302,AUS,11540,1154005,ELP,755,0,0800-0859,833,0,0,0,528
1,1,3,WN,19393,WN,N468WN,4753,10423,1042302,AUS,11540,1154005,ELP,1823,0,1800-1859,1901,0,0,0,528
1,1,3,WN,19393,WN,N210WN,6699,10423,1042302,AUS,11540,1154005,ELP,2042,0,2000-2059,2123,0,0,0,528
1,1,3,WN,19393,WN,N271LV,3429,10423,1042302,AUS,11697,1169706,FLL,1107,1,1000-1059,1429,0,0,0,1105
1,1,3,WN,19393,WN,N935WN,6,10423,1042302,AUS,12191,1219102,HOU,539,0,0001-0559,617,0,0,0,148
1,1,3,WN,19393,WN,N8681M,3432,10423,1042302,AUS,12191,1219102,HOU,1251,1,1200-1259,1335,1,0,0,148
1,1,3,WN,19393,WN,N434WN,4538,10423,1042302,AUS,12191,1219102,HOU,845,0,0800-0859,929,0,0,0,148
1,1,3,WN,19393,WN,N281WN,4686,10423,1042302,AUS,12191,1219102,HOU,1744,0,1700-1759,1839,0,0,0,148
1,1,3,WN,19393,WN,N203WN,5426,10423,1042302,AUS,12191,1219102,HOU,1550,0,1500-1559,1655,0,0,0,148
1,1,3,WN,19393,WN,N7812G,5802,10423,1042302,AUS,12206,1220605,HRL,1317,0,1300-1359,1428,0,0,0,273
1,1,3,WN,19393,WN,N434WN,1911,10423,1042302,AUS,12889,1288903,LAS,2010,0,2000-2059,2057,0,0,0,1090
1,1,3,WN,19393,WN,N8508W,3968,10423,1042302,AUS,12889,1288903,LAS,549,0,0001-0559,639,0,0,0,1090
1,1,3,WN,19393,WN,N8625A,4306,10423,1042302,AUS,12889,1288903,LAS,2216,0,2200-2259,2259,0,0,0,1090
1,1,3,WN,19393,WN,N8308K,5326,10423,1042302,AUS,12889,1288903,LAS,1744,0,1700-1759,1833,0,0,0,1090
1,1,3,WN,19393,WN,N274WN,3876,10423,1042302,AUS,12892,1289208,LAX,629,0,0600-0659,736,0,0,0,1242
1,1,3,WN,19393,WN,N7743B,5961,10423,1042302,AUS,12892,1289208,LAX,1950,1,1900-1959,2103,0,0,0,1242
1,1,3,WN,19393,WN,N8690A,6212,10423,1042302,AUS,12892,1289208,LAX,1352,0,1300-1359,1504,0,0,0,1242
1,1,3,WN,19393,WN,N8570W,2147,10423,1042302,AUS,12896,1289607,LBB,1351,0,1300-1359,1456,0,0,0,341
1,1,3,WN,19393,WN,N757LV,5982,10423,1042302,AUS,13198,1319801,MCI,1603,0,1600-1659,1738,0,0,0,650
1,1,3,WN,19393,WN,N8690A,3052,10423,1042302,AUS,13204,1320402,MCO,648,0,0600-0659,956,0,0,0,994
1,1,3,WN,19393,WN,N8639B,5387,10423,1042302,AUS,13204,1320402,MCO,1352,1,1300-1359,1700,0,0,0,994
1,1,3,WN,19393,WN,N403WN,1044,10423,1042302,AUS,13232,1323202,MDW,1117,0,1100-1159,1339,0,0,0,972
1,1,3,WN,19393,WN,N7736A,3107,10423,1042302,AUS,13232,1323202,MDW,1806,0,1800-1859,2032,0,0,0,972
1,1,3,WN,19393,WN,N729SW,6328,10423,1042302,AUS,13232,1323202,MDW,1553,0,1600-1659,1813,0,0,0,972
1,1,3,WN,19393,WN,N7853B,6670,10423,1042302,AUS,13232,1323202,MDW,539,0,0001-0559,752,0,0,0,972
1,1,3,WN,19393,WN,N214WN,3194,10423,1042302,AUS,13495,1349505,MSY,908,0,0900-0959,1014,0,0,0,444
1,1,3,WN,19393,WN,N794SW,5198,10423,1042302,AUS,13495,1349505,MSY,1512,1,1400-1459,1619,0,0,0,444
1,1,3,WN,19393,WN,N479WN,6655,10423,1042302,AUS,13495,1349505,MSY,2056,0,2100-2159,2202,0,0,0,444
1,1,3,WN,19393,WN,N8310C,3639,10423,1042302,AUS,13796,1379608,OAK,1205,0,1200-1259,1359,0,0,0,1497
1,1,3,WN,19393,WN,N8522P,845,10423,1042302,AUS,14107,1410702,PHX,1608,0,1600-1659,1735,0,0,0,872
1,1,3,WN,19393,WN,N7745A,3975,10423,1042302,AUS,14107,1410702,PHX,727,0,0700-0759,859,0,0,0,872
1,1,3,WN,19393,WN,N738CB,4956,10423,1042302,AUS,14107,1410702,PHX,1818,0,1800-1859,1949,0,0,0,872
1,1,3,WN,19393,WN,N710SW,6011,10423,1042302,AUS,14107,1410702,PHX,1256,1,1200-1259,1425,1,0,0,872
1,1,3,WN,19393,WN,N479WN,6313,10423,1042302,AUS,14107,1410702,PHX,958,0,1000-1059,1127,0,0,0,872
1,1,3,WN,19393,WN,N8318F,5444,10423,1042302,AUS,14492,1449202,RDU,1254,0,1200-1259,1634,0,0,0,1162
1,1,3,WN,19393,WN,N8306H,1510,10423,1042302,AUS,14679,1467903,SAN,2122,0,2100-2159,2217,0,0,0,1164
1,1,3,WN,19393,WN,N494WN,5706,10423,1042302,AUS,14679,1467903,SAN,1504,0,1500-1559,1601,0,0,0,1164
1,1,3,WN,19393,WN,N8670A,5671,10423,1042302,AUS,14831,1483106,SJC,711,0,0700-0759,852,0,0,0,1476
1,1,3,WN,19393,WN,N7874B,6396,10423,1042302,AUS,14831,1483106,SJC,1837,0,1800-1859,2022,0,0,0,1476
1,1,3,WN,19393,WN,N249WN,4320,10423,1042302,AUS,14893,1489302,SMF,1906,0,1900-1959,2050,0,0,0,1481
1,1,3,WN,19393,WN,N436WN,853,10423,1042302,AUS,15016,1501606,STL,528,0,0001-0559,707,0,0,0,721
1,1,3,WN,19393,WN,N8661A,2207,10423,1042302,AUS,15016,1501606,STL,1644,1,1600-1659,1822,0,0,0,721
1,1,3,WN,19393,WN,N7879A,1144,10423,1042302,AUS,15304,1530402,TPA,1708,0,1700-1759,2013,0,0,0,928
1,1,3,WN,19393,WN,N8517F,1692,10423,1042302,AUS,15304,1530402,TPA,909,0,0900-0959,1206,0,0,0,928
1,1,3,WN,19393,WN,N8581Z,1283,10529,1052906,BDL,10821,1082106,BWI,616,1,0600-0659,719,0,0,0,283
1,1,3,WN,19393,WN,N748SW,4375,10529,1052906,BDL,10821,1082106,BWI,1336,0,1300-1359,1441,0,0,0,283
1,1,3,WN,19393,WN,N242WN,4946,10529,1052906,BDL,10821,1082106,BWI,917,0,0900-0959,1023,0,0,0,283
1,1,3,WN,19393,WN,N7833A,6411,10529,1052906,BDL,10821,1082106,BWI,2003,0,2000-2059,2105,0,0,0,283
1,1,3,WN,19393,WN,N920WN,4837,10529,1052906,BDL,11292,1129202,DEN,1753,1,1700-1759,2011,0,0,0,1671
1,1,3,WN,19393,WN,N292WN,5002,10529,1052906,BDL,11697,1169706,FLL,747,0,0700-0759,1106,0,0,0,1173
1,1,3,WN,19393,WN,N7822A,784,10529,1052906,BDL,13204,1320402,MCO,1836,1,1800-1859,2115,1,0,0,1050
1,1,3,WN,19393,WN,N7732A,3753,10529,1052906,BDL,13204,1320402,MCO,610,0,0600-0659,900,0,0,0,1050
1,1,3,WN,19393,WN,N499WN,3829,10529,1052906,BDL,13204,1320402,MCO,1121,0,1100-1159,1415,0,0,0,1050
1,1,3,WN,19393,WN,N8601C,3544,10529,1052906,BDL,13232,1323202,MDW,1723,1,1600-1659,1839,0,0,0,777
1,1,3,WN,19393,WN,N8540V,5438,10529,1052906,BDL,13232,1323202,MDW,610,0,0600-0659,742,0,0,0,777
1,1,3,WN,19393,WN,N7813P,5962,10529,1052906,BDL,13232,1323202,MDW,1314,1,1200-1259,1428,0,0,0,777
1,1,3,WN,19393,WN,N8513F,4398,10529,1052906,BDL,14635,1463502,RSW,1534,0,1500-1559,1841,0,0,0,1180
1,1,3,WN,19393,WN,N736SA,4170,10529,1052906,BDL,15016,1501606,STL,1104,0,1100-1159,1239,0,0,0,957
1,1,3,WN,19393,WN,N461WN,4161,10529,1052906,BDL,15304,1530402,TPA,1445,1,1400-1459,1742,0,0,0,1111
1,1,3,WN,19393,WN,N8533S,4129,10599,1059904,BHM,10821,1082106,BWI,700,0,0700-0759,944,0,0,0,682
1,1,3,WN,19393,WN,N725SW,5374,10599,1059904,BHM,11259,1125904,DAL,1328,1,1300-1359,1536,1,0,0,587
1,1,3,WN,19393,WN,N8632A,6048,10599,1059904,BHM,11259,1125904,DAL,825,0,0800-0859,1019,0,0,0,587
1,1,3,WN,19393,WN,N446WN,2163,10599,1059904,BHM,12191,1219102,HOU,1910,0,1900-1959,2108,0,0,0,570
1,1,3,WN,19393,WN,N784SW,3378,10599,1059904,BHM,12191,1219102,HOU,527,0,0001-0559,746,1,0,0,570
1,1,3,WN,19393,WN,N293WN,5242,10599,1059904,BHM,12889,1288903,LAS,1123,1,0900-0959,1346,1,0,0,1618
1,1,3,WN,19393,WN,N8555Z,4641,10599,1059904,BHM,13204,1320402,MCO,811,0,0800-0859,1032,0,0,0,479
1,1,3,WN,19393,WN,N7868K,5145,10599,1059904,BHM,13204,1320402,MCO,1630,0,1600-1659,1850,0,0,0,479
1,1,3,WN,19393,WN,N7732A,3753,10599,1059904,BHM,13232,1323202,MDW,1100,0,1100-1159,1245,0,0,0,570
1,1,3,WN,19393,WN,N7841A,4411,10599,1059904,BHM,13232,1323202,MDW,1858,0,1800-1859,2039,0,0,0,570
1,1,3,WN,19393,WN,N711HK,1557,10599,1059904,BHM,15304,1530402,TPA,1022,0,1000-1059,1243,0,0,0,459
1,1,3,WN,19393,WN,N8658A,5068,10599,1059904,BHM,15304,1530402,TPA,1603,0,1600-1659,1820,0,0,0,459
1,1,3,WN,19393,WN,N8606C,2078,10693,1069302,BNA,10397,1039707,ATL,913,0,0900-0959,1109,0,0,0,214
1,1,3,WN,19393,WN,N782SA,4192,10693,1069302,BNA,10397,1039707,ATL,1943,0,1900-1959,2131,0,0,0,214
1,1,3,WN,19393,WN,N286WN,5313,10693,1069302,BNA,10397,1039707,ATL,1339,0,1300-1359,1533,0,0,0,214
1,1,3,WN,19393,WN,N713SW,6562,10693,1069302,BNA,10397,1039707,ATL,1747,0,1700-1759,1944,0,0,0,214
1,1,3,WN,19393,WN,N7879A,1144,10693,1069302,BNA,10423,1042302,AUS,1358,0,1400-1459,1629,0,0,0,756
1,1,3,WN,19393,WN,N271LV,5916,10693,1069302,BNA,10423,1042302,AUS,804,0,0700-0759,1027,0,0,0,756
1,1,3,WN,19393,WN,N470WN,6450,10693,1069302,BNA,10423,1042302,AUS,1930,0,1900-1959,2155,0,0,0,756
1,1,3,WN,19393,WN,N760SW,2898,10693,1069302,BNA,10721,1072102,BOS,1341,0,1300-1359,1657,0,0,0,942
1,1,3,WN,19393,WN,N8504G,5679,10693,1069302,BNA,10721,1072102,BOS,2135,0,2100-2159,44,0,0,0,942
1,1,3,WN,19393,WN,N7748A,6197,10693,1069302,BNA,10721,1072102,BOS,645,0,0600-0659,1012,0,0,0,942
1,1,3,WN,19393,WN,N797MX,3608,10693,1069302,BNA,10800,1080003,BUR,1442,0,1400-1459,1722,0,0,0,1791
1,1,3,WN,19393,WN,N924WN,4184,10693,1069302,BNA,10821,1082106,BWI,1844,0,1800-1859,2110,0,0,0,587
1,1,3,WN,19393,WN,N792SW,4381,10693,1069302,BNA,10821,1082106,BWI,608,0,0600-0659,832,0,0,0,587
1,1,3,WN,19393,WN,N463WN,4697,10693,1069302,BNA,10821,1082106,BWI,2138,0,2100-2159,17,0,0,0,587
1,1,3,WN,19393,WN,N8503A,5442,10693,1069302,BNA,10821,1082106,BWI,935,0,0900-0959,1200,0,0,0,587
1,1,3,WN,19393,WN,N8534Z,5482,10693,1069302,BNA,10821,1082106,BWI,1216,0,1200-1259,1437,0,0,0,587
1,1,3,WN,19393,WN,N7830A,5610,10693,1069302,BNA,10821,1082106,BWI,1429,0,1400-1459,1653,0,0,0,587
1,1,3,WN,19393,WN,N7859B,5912,10693,1069302,BNA,10994,1099402,CHS,949,0,0900-0959,1158,0,0,0,439
1,1,3,WN,19393,WN,N256WN,4557,10693,1069302,BNA,11042,1104205,CLE,1922,0,1900-1959,2137,0,0,0,448
1,1,3,WN,19393,WN,N206WN,6171,10693,1069302,BNA,11042,1104205,CLE,1138,1,0900-0959,1358,1,0,0,448
1,1,3,WN,19393,WN,N7884G,3228,10693,1069302,BNA,11057,1105703,CLT,2226,0,2200-2259,24,0,0,0,328
1,1,3,WN,19393,WN,N8689C,5108,10693,1069302,BNA,11057,1105703,CLT,952,0,0900-0959,1156,0,0,0,328
1,1,3,WN,19393,WN,N7749B,1143,10693,1069302,BNA,11066,1106606,CMH,2140,0,2100-2159,2348,0,0,0,337
1,1,3,WN,19393,WN,N768SW,6611,10693,1069302,BNA,11066,1106606,CMH,826,0,0800-0859,1039,0,0,0,337
1,1,3,WN,19393,WN,N8604K,4531,10693,1069302,BNA,11259,1125904,DAL,2006,0,2000-2059,2214,0,0,0,623
1,1,3,WN,19393,WN,N8677A,5403,10693,1069302,BNA,11259,1125904,DAL,826,1,0700-0759,1017,1,0,0,623
1,1,3,WN,19393,WN,N282WN,6181,10693,1069302,BNA,11259,1125904,DAL,1808,0,1800-1859,2014,0,0,0,623
1,1,3,WN,19393,WN,N746SW,6344,10693,1069302,BNA,11259,1125904,DAL,1045,0,1000-1059,1257,0,0,0,623
1,1,3,WN,19393,WN,N476WN,6785,10693,1069302,BNA,11259,1125904,DAL,1242,0,1200-1259,1451,0,0,0,623
1,1,3,WN,19393,WN,N8692F,1136,10693,1069302,BNA,11278,1127805,DCA,718,0,0700-0759,940,0,0,0,562
1,1,3,WN,19393,WN,N784SW,3372,10693,1069302,BNA,11278,1127805,DCA,1541,0,1500-1559,1805,0,0,0,562
1,1,3,WN,19393,WN,N752SW,6420,10693,1069302,BNA,11278,1127805,DCA,2136,0,2100-2159,4,0,0,0,562
1,1,3,WN,19393,WN,N771SA,6764,10693,1069302,BNA,11278,1127805,DCA,1014,0,1000-1059,1240,0,0,0,562
1,1,3,WN,19393,WN,N8619F,1543,10693,1069302,BNA,11292,1129202,DEN,2033,0,2000-2059,2233,0,0,0,1014
1,1,3,WN,19393,WN,N7723E,4309,10693,1069302,BNA,11292,1129202,DEN,1509,1,1400-1459,1658,1,0,0,1014
1,1,3,WN,19393,WN,N276WN,4468,10693,1069302,BNA,11292,1129202,DEN,835,0,0800-0859,1024,0,0,0,1014